id,name,web,longitude,latitude,location,description
0,NY.pm,http://www.meetup.com/The-New-York-Perl-Meetup-Group/,-73.98771000,40.72426868,"New York City, New York, Center of the Universe, United States of America, North America","Perl Mongers New York City, New York, Center of the Universe, United States of America, North America is the Perl users group that organizes meetings"
1,Albany.pm,http://albany.pm.org/,-73.79901,42.66575,"Albany, New York, United States of America, North America","Perl Mongers Albany, New York, United States of America, North America is the Perl users group that organizes meetings"
2,Albuquerque.pm,http://albuquerque.pm.org/,-106.62463,35.11721,"Albuquerque, New Mexico, United States of America, North America","Perl Mongers Albuquerque, New Mexico, United States of America, North America is the Perl users group that organizes meetings"
7,Atlanta.pm,http://atlanta.pm.org/,-84.351289,33.9251,"Atlanta, Georgia, United States of America, North America","Perl Mongers Atlanta, Georgia, United States of America, North America is the Perl users group that organizes meetings"
8,Austin.pm,http://austin.pm.org/,-97.790157,30.445899,"Austin, Texas, United States of America, North America","Perl Mongers Austin, Texas, United States of America, North America is the Perl users group that organizes meetings"
10,Baltimore.pm,http://baltimore.pm.org/,-76.6125,39.2905,"Baltimore, Maryland, United States of America, North America","Perl Mongers Baltimore, Maryland, United States of America, North America is the Perl users group that organizes meetings"
12,Boston.pm,http://boston.pm.org/,-71.085055,42.361065,"Boston, Massachusetts, United States of America, North America","Perl Mongers Boston, Massachusetts, United States of America, North America is the Perl users group that organizes meetings"
13,Boulder.pm,http://boulder.pm.org/,-105.25,40.02,"Boulder, Colorado, United States of America, North America","Perl Mongers Boulder, Colorado, United States of America, North America is the Perl users group that organizes meetings"
16,Champaign-Urbana.pm,http://champaign-urbana.pm.org/,-88.2235,40.1065,"Illinois, Champaign-Urbana, United States of America, North America","Perl Mongers Illinois, Champaign-Urbana, United States of America, North America is the Perl users group that organizes meetings"
19,Chicago.pm,http://chicago.pm.org/,-87.641505,41.882104,"Chicago, Illinois, United States of America, North America","Perl Mongers Chicago, Illinois, United States of America, North America is the Perl users group that organizes meetings"
20,Cincinnati.pm,http://cincinnati.pm.org/,-84.39281,39.190389,"Cincinnati, Ohio, United States of America, North America","Perl Mongers Cincinnati, Ohio, United States of America, North America is the Perl users group that organizes meetings"
22,Cleveland.pm,http://cleveland.pm.org,-81.6955556,41.4994444,"Cleveland, Ohio, United States of America, North America","Perl Mongers Cleveland, Ohio, United States of America, North America is the Perl users group that organizes meetings"
23,Columbus.pm,http://columbus.pm.org/,-82883,40.0,"Columbus, Ohio, United States of America, North America","Perl Mongers Columbus, Ohio, United States of America, North America is the Perl users group that organizes meetings"
24,DFW.pm,http://dfw.pm.org/,-96.76524,32.79415,"Texas, Dallas/Ft. Worth, United States of America, North America","Perl Mongers Texas, Dallas/Ft. Worth, United States of America, North America is the Perl users group that organizes meetings"
27,DC.pm,http://dc.pm.org/,-77.01616,38.90505,"Washington, District of Columbia, United States of America, North America","Perl Mongers Washington, District of Columbia, United States of America, North America is the Perl users group that organizes meetings"
28,Denver.pm,http://denver.pm.org/,-104.87265,39.76803,"Denver, Colorado, United States of America, North America","Perl Mongers Denver, Colorado, United States of America, North America is the Perl users group that organizes meetings"
29,DesMoines.pm,http://desmoines.pm.org,-93.620833,41.590833,"Des Moines, Iowa, United States of America, North America","Perl Mongers Des Moines, Iowa, United States of America, North America is the Perl users group that organizes meetings"
38,Harrisburg.pm,http://harrisburg.pm.org/,-77.032329,40.262852,"Harrisburg, Pennsylvania, United States of America, North America","Perl Mongers Harrisburg, Pennsylvania, United States of America, North America is the Perl users group that organizes meetings"
40,HudsonValley.pm,http://hudson-valley.pm.org/,-74.422466,41.445661,"Middletown, New York, United States of America, North America","Perl Mongers Middletown, New York, United States of America, North America is the Perl users group that organizes meetings"
42,Houston.pm,http://houston.pm.org/,-95.424338,29.738281,"Houston, Texas, United States of America, North America","Perl Mongers Houston, Texas, United States of America, North America is the Perl users group that organizes meetings"
50,KansasCity.pm,http://kc.pm.org/,-94.596036,38.992614,"Kansas City, Missouri, United States of America, North America","Perl Mongers Kansas City, Missouri, United States of America, North America is the Perl users group that organizes meetings"
51,LasVegas.pm,http://lasvegas.pm.org/,-115.1658417,36.1272588,"Las Vegas, Nevada, Clark County, United States of America, North America","Perl Mongers Las Vegas, Nevada, Clark County, United States of America, North America is the Perl users group that organizes meetings"
56,Madison.pm,http://www.madmongers.org/,-89401,43073,"Madison, Wisconsin, United States of America, North America","Perl Mongers Madison, Wisconsin, United States of America, North America is the Perl users group that organizes meetings"
59,Milwaukee.pm,http://milwaukee.pm.org/,-87.9064,43.0389,"Milwaukee, Wisconsin, United States of America, North America","Perl Mongers Milwaukee, Wisconsin, United States of America, North America is the Perl users group that organizes meetings"
60,Minneapolis.pm,http://www.meetup.com/Minnesota-Perl-User-Group/,-93.26684,44.96185,"Minneapolis, Minnesota, United States of America, North America","Perl Mongers Minneapolis, Minnesota, United States of America, North America is the Perl users group that organizes meetings"
61,Montréal.pm,http://montreal.pm.org/,-73.574452,45.503896,"Montréal, Québec, Canada, North America","Perl Mongers Montréal, Québec, Canada, North America is the Perl users group that organizes meetings"
69,Omaha.pm,http://omaha.pm.org/,-96.016937,41.247574,"Omaha, Nebraska, United States of America, North America","Perl Mongers Omaha, Nebraska, United States of America, North America is the Perl users group that organizes meetings"
70,OrangeCounty.pm,http://oc.pm.org/,-117.77739,33.67496,"Orange County, California, United States of America, North America","Perl Mongers Orange County, California, United States of America, North America is the Perl users group that organizes meetings"
72,Ottawa.pm,http://ottawa.pm.org/,-75.700092,45.419869,"Ottawa, Ontario, Canada, North America","Perl Mongers Ottawa, Ontario, Canada, North America is the Perl users group that organizes meetings"
74,Philadelphia.pm,http://philly.pm.org/,-75.13467,40.00681,"Philadelphia, Pennsylvania, United States of America, North America","Perl Mongers Philadelphia, Pennsylvania, United States of America, North America is the Perl users group that organizes meetings"
75,Phoenix.pm,http://phoenix.pm.org/,-111.92503094673157,33.54067927852485,"Phoenix, Arizona, United States of America, North America","Perl Mongers Phoenix, Arizona, United States of America, North America is the Perl users group that organizes meetings"
79,PDX.pm,http://pdx.pm.org/,-122.655206,45.510354,"Portland, Oregon, United States of America, North America","Perl Mongers Portland, Oregon, United States of America, North America is the Perl users group that organizes meetings"
81,Raleigh.pm,http://raleigh.pm.org/,-78.678482,35.773984,"Raleigh, North Carolina, Research Triangle, United States of America, North America","Perl Mongers Raleigh, North Carolina, Research Triangle, United States of America, North America is the Perl users group that organizes meetings"
89,SanDiego.pm,http://sandiego.pm.org/,-117.13577,32.81495,"San Diego, California, United States of America, North America","Perl Mongers San Diego, California, United States of America, North America is the Perl users group that organizes meetings"
90,SanFrancisco.pm,http://sf.pm.org/,-122.419349,37.775328,"San Francisco, California, United States of America, North America","Perl Mongers San Francisco, California, United States of America, North America is the Perl users group that organizes meetings"
95,Seattle.pm,http://www.seattleperl.org/,-122.35032,47.6218,"Seattle, Washington, United States of America, North America","Perl Mongers Seattle, Washington, United States of America, North America is the Perl users group that organizes meetings"
97,Sonoma.pm,http://sonoma.pm.org/,-122.72641,38.4049,"Santa Rosa, California, United States of America, North America","Perl Mongers Santa Rosa, California, United States of America, North America is the Perl users group that organizes meetings"
99,StLouis.pm,http://stlouis.pm.org/,-90.24429,38.63605,"St. Louis, Missouri, United States of America, North America","Perl Mongers St. Louis, Missouri, United States of America, North America is the Perl users group that organizes meetings"
101,Tallahassee.pm,http://tallahassee.pm.org/,-84.29672,30.45175,"Tallahassee, Florida, United States of America, North America","Perl Mongers Tallahassee, Florida, United States of America, North America is the Perl users group that organizes meetings"
102,ThousandOaks.pm,http://thousand-oaks.pm.org/,-118.79499435424805,34.15092875174315,"Thousand Oaks, California, United States of America, North America","Perl Mongers Thousand Oaks, California, United States of America, North America is the Perl users group that organizes meetings"
103,Toronto.pm,http://to.pm.org/,-79.387168,43.670417,"Toronto, Ontario, Canada, North America","Perl Mongers Toronto, Ontario, Canada, North America is the Perl users group that organizes meetings"
104,Vancouver.pm,http://vancouver.pm.org/,-123133,49.25,"Vancouver, British Columbia, Canada, North America","Perl Mongers Vancouver, British Columbia, Canada, North America is the Perl users group that organizes meetings"
106,MexicoCity.pm,http://mexicocity.pm.org/,-99.138611,19.434167,"Mexico City, DF, Mexico, North America","Perl Mongers Mexico City, DF, Mexico, North America is the Perl users group that organizes meetings"
108,Curitiba.pm,http://curitiba.pm.org/,-49.25,-25.416667,"Curitiba, Paraná, Brazil, South America","Perl Mongers Curitiba, Paraná, Brazil, South America is the Perl users group that organizes meetings"
112,Sao-Paulo.pm,http://sao-paulo.pm.org/,-46617,-23533,"Sao Paulo, Brazil, South America","Perl Mongers Sao Paulo, Brazil, South America is the Perl users group that organizes meetings"
114,Amsterdam.pm,http://amsterdam.pm.org/,4.91,52.35,"Amsterdam, Netherlands, Europe","Perl Mongers Amsterdam, Netherlands, Europe is the Perl users group that organizes meetings"
116,Bath.pm,http://bath.pm.org/,-2.36206,51.38550,"Bath, England, United Kingdom, Europe","Perl Mongers Bath, England, United Kingdom, Europe is the Perl users group that organizes meetings"
120,Braga.pm,http://braga.pm.org/,-8.39725,41.56156,"Braga, Portugal, Europe","Perl Mongers Braga, Portugal, Europe is the Perl users group that organizes meetings"
121,Bratislava.pm,http://bratislava.pm.org/,17.1184355,48.1470793,"Bratislava, Slovak Republic, Europe","Perl Mongers Bratislava, Slovak Republic, Europe is the Perl users group that organizes meetings"
122,Bristol.pm,http://bristol.pm.org/,-2.59277,51.44716,"Bristol, England, United Kingdom, Europe","Perl Mongers Bristol, England, United Kingdom, Europe is the Perl users group that organizes meetings"
126,Edinburgh.pm,http://edinburgh.pm.org/,-3217,55950,"Edinburgh, Scotland, United Kingdom, Europe","Perl Mongers Edinburgh, Scotland, United Kingdom, Europe is the Perl users group that organizes meetings"
127,Glasgow.pm,http://glasgow.pm.org/,-4.254729,55.865541,"Glasgow, Scotland, United Kingdom, Europe","Perl Mongers Glasgow, Scotland, United Kingdom, Europe is the Perl users group that organizes meetings"
128,Goteborg.pm,http://goteborg.pm.org/,11966,57716,"Goteborg, Sweden, Europe","Perl Mongers Goteborg, Sweden, Europe is the Perl users group that organizes meetings"
129,Helsinki.pm,http://helsinki.pm.org/,24.9405,60.1627,"Helsinki, Finland, Europe","Perl Mongers Helsinki, Finland, Europe is the Perl users group that organizes meetings"
131,Copenhagen.pm,http://copenhagen.pm.org/,12583,55667,"Copenhagen, Denmark, Europe","Perl Mongers Copenhagen, Denmark, Europe is the Perl users group that organizes meetings"
132,Leipzig.pm,http://leipzig.pm.org,12.371569,51.336601,"Leipzig, Germany, Europe","Perl Mongers Leipzig, Germany, Europe is the Perl users group that organizes meetings"
135,Lisbon.pm,http://lisbon.pm.org/,-9133,38716,"Lisbon, Portugal, Europe","Perl Mongers Lisbon, Portugal, Europe is the Perl users group that organizes meetings"
136,London.pm,http://london.pm.org/,-0.115387,51.517955,"London, England, United Kingdom, Europe","Perl Mongers London, England, United Kingdom, Europe is the Perl users group that organizes meetings"
141,Moscow.pm,http://moscow.pm.org,37583,55.75,"Moscow, Russian Federation, Europe","Perl Mongers Moscow, Russian Federation, Europe is the Perl users group that organizes meetings"
142,Munich.pm,http://munich.pm.org/,11583,48150,"Munich, Germany, Europe","Perl Mongers Munich, Germany, Europe is the Perl users group that organizes meetings"
145,Paris.pm,http://paris.pm.org/,2333,48866,"Paris, France, Europe","Perl Mongers Paris, France, Europe is the Perl users group that organizes meetings"
146,Porto.pm,http://porto.pm.org/,-9200,38783,"Porto, Portugal, Europe","Perl Mongers Porto, Portugal, Europe is the Perl users group that organizes meetings"
147,Roma.pm,http://roma.pm.org/,12.4924,41.8921,"Roma, Italy, Europe","Perl Mongers Roma, Italy, Europe is the Perl users group that organizes meetings"
150,Southampton.pm,http://southampton.pm.org/,-1.40416,50.90226,"Southampton, England, United Kingdom, Europe","Perl Mongers Southampton, England, United Kingdom, Europe is the Perl users group that organizes meetings"
152,Stockholm.pm,http://sthlm.pm.org/,18.06,59.33,"Stockholm, Sweden, Europe","Perl Mongers Stockholm, Sweden, Europe is the Perl users group that organizes meetings"
154,SPb.pm,http://SPb.pm.org/,30266,59933,"St. Petersburg, Russian Federation, Europe","Perl Mongers St. Petersburg, Russian Federation, Europe is the Perl users group that organizes meetings"
157,Torino.pm,http://torino.pm.org/,7.8234,45.0149,"Torino, Italy, Europe","Perl Mongers Torino, Italy, Europe is the Perl users group that organizes meetings"
159,Vienna.pm,http://vienna.pm.org/,16.3579058,48.2140336,"Vienna, Austria, Europe","Perl Mongers Vienna, Austria, Europe is the Perl users group that organizes meetings"
161,Zagreb.pm,http://zagreb.pm.org,15.96211,45.79981,"Zagreb, Hrvatska (Croatia), Europe","Perl Mongers Zagreb, Hrvatska (Croatia), Europe is the Perl users group that organizes meetings"
165,Brisbane.pm,http://brisbane.pm.org/,153016,-27.5,"Brisbane, Queensland, Australia, Oceania","Perl Mongers Brisbane, Queensland, Australia, Oceania is the Perl users group that organizes meetings"
173,Melbourne.pm,http://melbourne.pm.org/,144966,-37816,"Melbourne, Victoria, Australia, Oceania","Perl Mongers Melbourne, Victoria, Australia, Oceania is the Perl users group that organizes meetings"
176,Perth.pm,http://perth.pm.org/,115.85,-31.95,"Perth, Western Australia, Australia, Oceania","Perl Mongers Perth, Western Australia, Australia, Oceania is the Perl users group that organizes meetings"
177,Singapore.pm,http://singapore.pm.org/,103.85,1.283333,"Singapore, Singapore, Asia","Perl Mongers Singapore, Singapore, Asia is the Perl users group that organizes meetings"
179,Sydney.pm,http://sydney.pm.org/,151216,-33883,"Sydney, New South Wales, Australia, Oceania","Perl Mongers Sydney, New South Wales, Australia, Oceania is the Perl users group that organizes meetings"
180,Bandung.pm,http://bandung.pm.org/,115.18,-8.5,"Bandung, West Java, Indonesia, Asia","Perl Mongers Bandung, West Java, Indonesia, Asia is the Perl users group that organizes meetings"
181,Bangkok.pm,http://bangkok.pm.org/,100517,13750,"Bangkok, Thailand, Asia","Perl Mongers Bangkok, Thailand, Asia is the Perl users group that organizes meetings"
182,Beijing.pm,http://beijing.pm.org/,116412,39.9,"Beijing, China, Asia","Perl Mongers Beijing, China, Asia is the Perl users group that organizes meetings"
186,Delhi.pm,http://delhi.pm.org/,77.12,28.38,"Delhi, India, Asia","Perl Mongers Delhi, India, Asia is the Perl users group that organizes meetings"
187,HongKong.pm,http://hongkong.pm.org/,114.15,22283,"Hong Kong, China, Asia","Perl Mongers Hong Kong, China, Asia is the Perl users group that organizes meetings"
190,Kyoto.pm,http://kyoto.pm.org,135.777236,35.003759,"Kyoto, Japan, Asia","Perl Mongers Kyoto, Japan, Asia is the Perl users group that organizes meetings"
192,Pune.pm,http://pune.pm.org/,73867,18533,"Pune, India, Asia","Perl Mongers Pune, India, Asia is the Perl users group that organizes meetings"
193,Shanghai.pm,http://shanghai.pm.org/,121.551004,31.216178,"Shanghai, Shanghai, China, Asia","Perl Mongers Shanghai, Shanghai, China, Asia is the Perl users group that organizes meetings"
194,Tokyo.pm,http://tokyo.pm.org/,139766,35.7,"Tokyo, Japan, Asia","Perl Mongers Tokyo, Japan, Asia is the Perl users group that organizes meetings"
197,Israel.pm,http://perl.org.il/,34.802699,32.089494,"Israel, Asia","Perl Mongers Israel, Asia is the Perl users group that organizes meetings"
198,Rehovot.pm,http://rehovot.pm.org/,34818,31896,"Rehovot, Israel, Asia","Perl Mongers Rehovot, Israel, Asia is the Perl users group that organizes meetings"
199,CapeTown.pm,http://capetown.pm/,18.42322,-33.92584,"Cape Town, Western Cape, South Africa, Africa","Perl Mongers Cape Town, Western Cape, South Africa, Africa is the Perl users group that organizes meetings"
209,Guimaraes.pm,http://guimaraes.pm.org/,-8567,41050,"Guimaraes, Portugal, Europe","Perl Mongers Guimaraes, Portugal, Europe is the Perl users group that organizes meetings"
211,Seoul.pm,http://seoul.pm.org/,126.9769,37.5631,"Seoul, Korea (Republic of), Asia","Perl Mongers Seoul, Korea (Republic of), Asia is the Perl users group that organizes meetings"
213,SiliconValley.pm,http://svperl.org/,,,"California, Silicon Valley, United States of America, North America","Perl Mongers California, Silicon Valley, United States of America, North America is the Perl users group that organizes meetings"
216,Sofia.pm,http://sofia.pm.org,23.3166667,42.6833333,"Sofia, Bulgaria, Europe","Perl Mongers Sofia, Bulgaria, Europe is the Perl users group that organizes meetings"
218,Caracas.pm,,-66.9333,10.5,"Caracas, Venezuela, South America","Perl Mongers Caracas, Venezuela, South America is the Perl users group that organizes meetings"
223,Tempe.pm,http://tempe.pm.org,-111917,33419,"Tempe, Arizona, United States of America, North America","Perl Mongers Tempe, Arizona, United States of America, North America is the Perl users group that organizes meetings"
229,Bangalore.pm,http://bangalore.pm.org/,77.5931,12.9819,"Bangalore, Karnataka, India, Asia","Perl Mongers Bangalore, Karnataka, India, Asia is the Perl users group that organizes meetings"
233,Oslo.pm,http://oslo.pm.org/,10.7524,59.9104,"Oslo, Norway, Europe","Perl Mongers Oslo, Norway, Europe is the Perl users group that organizes meetings"
234,Madrid.pm,http://madrid.pm.org/,-3.6924,40.4063,"Madrid, Spain, Europe","Perl Mongers Madrid, Spain, Europe is the Perl users group that organizes meetings"
236,Hyderabad.pm,http://hyderabad.pm.org/,78467,17383,"Hyderabad, Andhra Pradesh, India, Asia","Perl Mongers Hyderabad, Andhra Pradesh, India, Asia is the Perl users group that organizes meetings"
237,Budapest.pm,http://budapest.pm.org/,19.0711,47.5105,"Budapest, Hungary, Europe","Perl Mongers Budapest, Hungary, Europe is the Perl users group that organizes meetings"
238,Purdue.pm,http://purdue.pm.org/,-86.9156,40.4229,"West Lafayette, Indiana, United States of America, North America","Perl Mongers West Lafayette, Indiana, United States of America, North America is the Perl users group that organizes meetings"
240,Frankfurt.pm,http://frankfurt.pm/,10.5239,49.6766,"Frankfurt, Hessen, Germany, Europe","Perl Mongers Frankfurt, Hessen, Germany, Europe is the Perl users group that organizes meetings"
252,Milan.pm,http://milan.pm.org,9.18084,45.46884,"Milan, Lombardia, Italy, Europe","Perl Mongers Milan, Lombardia, Italy, Europe is the Perl users group that organizes meetings"
264,Kolkata.pm,http://calcutta.pm.org/,88.3254,22.5155,"Kolkata, West Bengal, India, Asia","Perl Mongers Kolkata, West Bengal, India, Asia is the Perl users group that organizes meetings"
267,NewOrleans.pm,http://neworleans.pm.org/,-90.0500,29.9667,"New Orleans, Louisiana, United States of America, North America","Perl Mongers New Orleans, Louisiana, United States of America, North America is the Perl users group that organizes meetings"
270,Coimbra.pm,http://coimbra.pm.org,-8.41,40.20,"Coimbra, Portugal, Europe","Perl Mongers Coimbra, Portugal, Europe is the Perl users group that organizes meetings"
271,Kansai.pm,http://kansai.pm.org/,135.4739,34.6762,"Osaka, Japan, Asia","Perl Mongers Osaka, Japan, Asia is the Perl users group that organizes meetings"
281,Madras.pm,http://madras.pm.org/,80.2558,13.0797,"Madras, Tamil Nadu, South India, India, Asia","Perl Mongers Madras, Tamil Nadu, South India, India, Asia is the Perl users group that organizes meetings"
283,Granada.pm,http://granada.pm.org,-3.600833,37.178056,"Granada, Spain, Europe","Perl Mongers Granada, Spain, Europe is the Perl users group that organizes meetings"
285,Seneca.pm,http://seneca.pm.org,-79.500003,43.771794,"Campuses in Toronto and Surrounding Area / Seneca       College of Applied Arts and Technology, Ontario, Canada, North America","Perl Mongers Campuses in Toronto and Surrounding Area / Seneca       College of Applied Arts and Technology, Ontario, Canada, North America is the Perl users group that organizes meetings"
290,Ulm.pm,http://ulm.pm.org/,9.989373,48.397214,"Ulm, Germany, Europe","Perl Mongers Ulm, Germany, Europe is the Perl users group that organizes meetings"
292,AtlanticCity.pm,http://atlanticcity.pm.org/,-74.496485,39.465305,"AtlanticCity, New Jersey, United States of America, North America","Perl Mongers AtlanticCity, New Jersey, United States of America, North America is the Perl users group that organizes meetings"
301,Rio.pm,http://rio.pm.org/,-43.1748,-22.9062,"Rio de Janeiro, Brazil, Brazil, South America","Perl Mongers Rio de Janeiro, Brazil, Brazil, South America is the Perl users group that organizes meetings"
305,Los_Angeles.pm,http://la.pm.org/,-118.499219,34.015987,"Los Angeles, California, United States of America, North America","Perl Mongers Los Angeles, California, United States of America, North America is the Perl users group that organizes meetings"
307,Athens.pm,http://athens.pm.org/,23.72931,37.98372,"Athens, Attica, Greece, Europe","Perl Mongers Athens, Attica, Greece, Europe is the Perl users group that organizes meetings"
308,Qatar.pm,http://qatar.pm.org/,51.460839,25.255789,"Doha, Middle East, Qatar, Asia","Perl Mongers Doha, Middle East, Qatar, Asia is the Perl users group that organizes meetings"
313,Chisinau.pm,http://chisinau.pm.org/,28.838325,47.023301,"Chisinau, Moldova, Moldova, Republic of, Europe","Perl Mongers Chisinau, Moldova, Moldova, Republic of, Europe is the Perl users group that organizes meetings"
315,Birmingham.pm,http://birmingham.pm.org/,-1.8965,52.47435,"Birmingham, United Kingdom, Europe","Perl Mongers Birmingham, United Kingdom, Europe is the Perl users group that organizes meetings"
317,Colombo.pm,http://colombo.pm.org/,79.8428,6.9344,"Colombo, Western Province, Sri Lanka, Asia","Perl Mongers Colombo, Western Province, Sri Lanka, Asia is the Perl users group that organizes meetings"
327,Toulouse.pm,http://toulouse.pm.org/,1.4333,43.6000,"Toulouse, France, Europe","Perl Mongers Toulouse, France, Europe is the Perl users group that organizes meetings"
328,Niederrhein.pm,http://niederrhein.pm.org/,6.45185,51.15479,"Mönchengladbach, Nordrhein Westfalen (NRW), Niederrhein (Lower Rhine area), Germany, Europe","Perl Mongers Mönchengladbach, Nordrhein Westfalen (NRW), Niederrhein (Lower Rhine area), Germany, Europe is the Perl users group that organizes meetings"
353,Barcelona.pm,http://barcelona.pm.org/,2.162193,41.389984,"Barcelona, Spain, Europe","Perl Mongers Barcelona, Spain, Europe is the Perl users group that organizes meetings"
355,Santa Fe-Los Alamos.pm,http://santafelosalamos.pm.org/,-105933,35683,"Los Alamos, New Mexico, Santa Fe-Los Alamos, United States of America, North America","Perl Mongers Los Alamos, New Mexico, Santa Fe-Los Alamos, United States of America, North America is the Perl users group that organizes meetings"
357,Victoria.pm,http://victoria.pm.org/,-123.35,48.43,"Victoria, British Columbia, Vancouver Island, Canada, North America","Perl Mongers Victoria, British Columbia, Vancouver Island, Canada, North America is the Perl users group that organizes meetings"
360,Rousse.pm,http://rousse.pm.org/,25.95,43.83,"Rousse, Bulgaria, Europe","Perl Mongers Rousse, Bulgaria, Europe is the Perl users group that organizes meetings"
365,Brasilia.pm,http://brasilia.pm.org/,-47.879337,-15.799269,"Brasilia, Brazil, Brazil, South America","Perl Mongers Brasilia, Brazil, Brazil, South America is the Perl users group that organizes meetings"
370,Wellington.pm,http://wellington.pm.org/,174.75,-41.25,"Wellington, New Zealand, Oceania","Perl Mongers Wellington, New Zealand, Oceania is the Perl users group that organizes meetings"
371,Marseille.pm,http://marseille.pm.org/,5.4000,43.3000,"Marseille, France, Europe","Perl Mongers Marseille, France, Europe is the Perl users group that organizes meetings"
381,Timisoara.pm,http://timisoara.pm.org/,21217,45750,"Timişoara, Timiş, Romania, Europe","Perl Mongers Timişoara, Timiş, Romania, Europe is the Perl users group that organizes meetings"
385,Salem.pm,http://salem.pm.org/,-123033,44.95,"Salem, Oregon, United States of America, North America","Perl Mongers Salem, Oregon, United States of America, North America is the Perl users group that organizes meetings"
395,Prague.pm,http://www.mezl.eu/praha-pm,14.4115,50.0862,"Prague, Czech Republic, Europe","Perl Mongers Prague, Czech Republic, Europe is the Perl users group that organizes meetings"
404,Bend.pm,http://bend.pm.org/,-121.3146444,44.0611364,"Bend, Oregon, United States of America, North America","Perl Mongers Bend, Oregon, United States of America, North America is the Perl users group that organizes meetings"
416,Berlin.pm,http://berliner.pm.org/,13.4000,52.5167,"Berlin, Germany, Europe","Perl Mongers Berlin, Germany, Europe is the Perl users group that organizes meetings"
423,Bergen.pm,http://bergen.pm.org/,5.332164,60.387989,"Bergen, Hordaland, Norway, Europe","Perl Mongers Bergen, Hordaland, Norway, Europe is the Perl users group that organizes meetings"
451,SaltLake.pm,http://saltlake.pm.org/,-111.88,40.75,"Salt Lake City, Utah, United States of America, North America","Perl Mongers Salt Lake City, Utah, United States of America, North America is the Perl users group that organizes meetings"
452,Nordest.pm,http://nordest.pm.org/,12.3,45.5,"Venice, Italy, Europe","Perl Mongers Venice, Italy, Europe is the Perl users group that organizes meetings"
453,CaFe.pm,http://cafe.pm.org/,-58.459769,-34.574165,"Capital Federal, Argentina, South America","Perl Mongers Capital Federal, Argentina, South America is the Perl users group that organizes meetings"
462,Tucson.pm,http://tucson.pm.org/,-111,32.3,"Tucson, Arizona, United States of America, North America","Perl Mongers Tucson, Arizona, United States of America, North America is the Perl users group that organizes meetings"
463,Devon and Cornwall.pm,http://devoncornwall.pm.org/,-4.0042,50.7384,"Devon & Cornwall, United Kingdom, Europe","Perl Mongers Devon & Cornwall, United Kingdom, Europe is the Perl users group that organizes meetings"
464,CostaRica.pm,http://costarica.pm.org/,-84.08,9.93,"San Jose, Costa Rica, Central America","Perl Mongers San Jose, Costa Rica, Central America is the Perl users group that organizes meetings"
468,Lyon.pm,http://lyon.pm.org/,4.8500,45.7500,"Lyon, France, Europe","Perl Mongers Lyon, France, Europe is the Perl users group that organizes meetings"
474,Basel.pm,http://basel.pm.org/,,,"Basel, Switzerland, Europe","Perl Mongers Basel, Switzerland, Europe is the Perl users group that organizes meetings"
480,Bruxelles.pm,http://bruxelles.pm.org/,4.3333,50.8333,"Brussels, Belgium, Europe","Perl Mongers Brussels, Belgium, Europe is the Perl users group that organizes meetings"
483,CAMEL.pm,http://camel.pm.org/,,,"Columbia, Annapolis, Meade, Elkridge, and Laurel, Maryland, Central Maryland, United States of America, North America","Perl Mongers Columbia, Annapolis, Meade, Elkridge, and Laurel, Maryland, Central Maryland, United States of America, North America is the Perl users group that organizes meetings"
484,Belgrade.pm,http://belgrade.pm.org/,20.47,44.81,"Belgrade, Serbia, Yugoslavia, Europe","Perl Mongers Belgrade, Serbia, Yugoslavia, Europe is the Perl users group that organizes meetings"
496,Zurich.pm,http://zurich.pm.org/,8.55,47.37,"Zürich, Zürich, Switzerland, Europe","Perl Mongers Zürich, Zürich, Switzerland, Europe is the Perl users group that organizes meetings"
497,China.pm,http://www.perlchina.org/,116.390934205,39.9158489677,"HangZhou, ZheJiang, China, Asia","Perl Mongers HangZhou, ZheJiang, China, Asia is the Perl users group that organizes meetings"
498,Fortaleza.pm,http://fortaleza.pm.org/,-38.53,-3.72,"Fortaleza, Ceara, Northeast, Brazil, South America","Perl Mongers Fortaleza, Ceara, Northeast, Brazil, South America is the Perl users group that organizes meetings"
508,Bucharest.pm,http://bucharest.pm.org/,26.1,44.3,"Bucharest, Romania, Europe","Perl Mongers Bucharest, Romania, Europe is the Perl users group that organizes meetings"
510,Cascavel.pm,http://cascavel.pm.org/,-53.433333,-24.966667,"Cascavel, Paraná, Brazil, South America","Perl Mongers Cascavel, Paraná, Brazil, South America is the Perl users group that organizes meetings"
511,Guatemala.pm,http://guatemala.pm.org/,,,"Guatemala, Guatemala, North America","Perl Mongers Guatemala, Guatemala, North America is the Perl users group that organizes meetings"
512,Helsingborg.pm,http://helsingborg.pm.org/,12.7500,56.0833,"Helsingborg, Skåne, Sweden, Europe","Perl Mongers Helsingborg, Skåne, Sweden, Europe is the Perl users group that organizes meetings"
520,Vlaanderen.pm,http://vlaanderen.pm.org/,4.482309,51.017904,"Antwerpen, Vlaanderen, Belgium, Europe","Perl Mongers Antwerpen, Vlaanderen, Belgium, Europe is the Perl users group that organizes meetings"
522,ZA.pm,http://za.pm.org/,26.5333,-33.3000,"Grahamstown, Eastern Cape, South Africa, Africa","Perl Mongers Grahamstown, Eastern Cape, South Africa, Africa is the Perl users group that organizes meetings"
526,Mumbai.pm,http://mumbai.pm.org/,72.886385,19.110998,"Mumbai, Maharashtra, Andheri, India, Asia","Perl Mongers Mumbai, Maharashtra, Andheri, India, Asia is the Perl users group that organizes meetings"
535,Kw.pm,http://kw.pm.org/,-80542,43473,"Kitchener-Waterloo, Ontario, Canada, North America","Perl Mongers Kitchener-Waterloo, Ontario, Canada, North America is the Perl users group that organizes meetings"
538,Terere.pm,http://Terere.pm.org/,-57.67,-25.27,"Asuncion, Central, Central, Paraguay, South America","Perl Mongers Asuncion, Central, Central, Paraguay, South America is the Perl users group that organizes meetings"
539,Dresden.pm,http://Dresden.pm.org/,13.7500,51.0500,"Dresden, Germany, Europe","Perl Mongers Dresden, Germany, Europe is the Perl users group that organizes meetings"
543,Cologne.pm,http://Cologne.pm.org/,6.9593,50.93,"Cologne, NRW, Rhineland, Germany, Europe","Perl Mongers Cologne, NRW, Rhineland, Germany, Europe is the Perl users group that organizes meetings"
545,Hamburg.pm,http://hamburg.pm.org/,9988,53.5557751,"Hamburg, Germany, Europe","Perl Mongers Hamburg, Germany, Europe is the Perl users group that organizes meetings"
554,Saarland.pm,http://saarland.pm.org/,6.996145,49.233124,"Mandelbachtal, Saarland, Germany, Europe","Perl Mongers Mandelbachtal, Saarland, Germany, Europe is the Perl users group that organizes meetings"
555,Shibuya.pm,http://shibuya.pm.org/,139.7018,35.6590,"Shibuya, Tokyo, Japan, Asia","Perl Mongers Shibuya, Tokyo, Japan, Asia is the Perl users group that organizes meetings"
565,Pisa.pm,http://pisa.pm.org/,10383,43717,"Pisa, Toscana, Italy, Europe","Perl Mongers Pisa, Toscana, Italy, Europe is the Perl users group that organizes meetings"
579,Recife.pm,http://recife.pm.org/,-34.8715899,-8.0629316,"Recife, Pernambuco, Nordeste, Brazil, South America","Perl Mongers Recife, Pernambuco, Nordeste, Brazil, South America is the Perl users group that organizes meetings"
580,Arnhem.pm,http://arnhem.pm.org/,5.912888,52.002615,"Arnhem, Netherlands, Europe","Perl Mongers Arnhem, Netherlands, Europe is the Perl users group that organizes meetings"
583,Stuttgart.pm,http://stuttgart.pm.org/,9.1225,48.7214,"Stuttgart, Baden-Württemberg, Germany, Europe","Perl Mongers Stuttgart, Baden-Württemberg, Germany, Europe is the Perl users group that organizes meetings"
584,Brasil.pm,http://brasil.pm.org/,-47.95,-15.75,"Brazil, Brazil, South America","Perl Mongers Brazil, Brazil, South America is the Perl users group that organizes meetings"
589,Dahut.pm,http://dahut.pm.org/,,,"Non-geographical, Non-geographical","Perl Mongers Non-geographical, Non-geographical is the Perl users group that organizes meetings"
592,Orlando.pm,http://orlando.pm.org/,-81.368533,28.533611,"Orlando, Florida, United States of America, North America","Perl Mongers Orlando, Florida, United States of America, North America is the Perl users group that organizes meetings"
599,Jakarta.pm,http://jakarta.pm.org/,106.8000,-6.2000,"Jakarta, Jakarta, Indonesia, Asia","Perl Mongers Jakarta, Jakarta, Indonesia, Asia is the Perl users group that organizes meetings"
600,Roederbergweg.pm,http://roederbergweg.pm.org/,8683,50117,"Roederbergweg, Germany, Europe","Perl Mongers Roederbergweg, Germany, Europe is the Perl users group that organizes meetings"
613,Bielefeld.pm,http://bielefeld.pm.org/,8533,52033,"Bielefeld, Ostwestfalen-Lippe, Nordrhein-Westfalen, Germany, Europe","Perl Mongers Bielefeld, Ostwestfalen-Lippe, Nordrhein-Westfalen, Germany, Europe is the Perl users group that organizes meetings"
616,Plovdiv.pm,http://plovdiv.pm.org/,,,"Plovdiv, Plovdiv, Europe, Bulgaria, Europe","Perl Mongers Plovdiv, Plovdiv, Europe, Bulgaria, Europe is the Perl users group that organizes meetings"
618,Kampala.pm,http://kampala.pm.org/,32.581111,0.313611,"Kampala, Uganda, Africa, Uganda, Africa","Perl Mongers Kampala, Uganda, Africa, Uganda, Africa is the Perl users group that organizes meetings"
626,ABE.pm,http://abe.pm.org/,-75.370833,40.625833,"Allentown-Bethlehem-Easton, Pennsylvania, Lehigh Valley / ABE, United States of America, North America","Perl Mongers Allentown-Bethlehem-Easton, Pennsylvania, Lehigh Valley / ABE, United States of America, North America is the Perl users group that organizes meetings"
635,Nottingham.pm,http://nottingham.pm.org/,-1.14857,52.948621,"Nottingham, Nottinghamshire, East Midlands, United Kingdom, Europe","Perl Mongers Nottingham, Nottinghamshire, East Midlands, United Kingdom, Europe is the Perl users group that organizes meetings"
643,Jerusalem.pm,http://jerusalem.perl.org.il/,35.190926,31.750795,"Jerusalem, Israel, Asia","Perl Mongers Jerusalem, Israel, Asia is the Perl users group that organizes meetings"
650,Italia.pm,http://italia.pm.org/,10.38,43.72,"Pisa, Italy, Europe","Perl Mongers Pisa, Italy, Europe is the Perl users group that organizes meetings"
651,Geneva.pm,http://geneve.mongueurs.net,6.14,46.21,"Geneve, Switzerland, Europe","Perl Mongers Geneve, Switzerland, Europe is the Perl users group that organizes meetings"
652,Aarau.pm,http://aarau.pm.org/,,,"Aarau, Aargau, Switzerland, Europe","Perl Mongers Aarau, Aargau, Switzerland, Europe is the Perl users group that organizes meetings"
656,Aberdeen.pm,http://aberdeen.pm.org/,-2.07,57.08,"Aberdeen, Aberdeenshire, United Kingdom, Europe","Perl Mongers Aberdeen, Aberdeenshire, United Kingdom, Europe is the Perl users group that organizes meetings"
657,Paderborn.pm,http://paderborn.pm.org/,8.75,51.72,"Paderborn, Nordrhein-Westfalen, Ostwestfalen, Germany, Europe","Perl Mongers Paderborn, Nordrhein-Westfalen, Ostwestfalen, Germany, Europe is the Perl users group that organizes meetings"
658,Campinas.pm,http://campinas.pm.org/,-47.060833,-22.905833,"Campinas, São Paulo, Brazil, South America","Perl Mongers Campinas, São Paulo, Brazil, South America is the Perl users group that organizes meetings"
659,BH.pm,http://bh.pm.org/,-43.93,-19.92,"Belo Horizonte, Minas Gerais, Brazil, South America","Perl Mongers Belo Horizonte, Minas Gerais, Brazil, South America is the Perl users group that organizes meetings"
660,Argentina.pm,http://argentina.pm.org/,-58.43,-34.60,"Buenos Aires, Buenos Aires, Argentina, South America","Perl Mongers Buenos Aires, Buenos Aires, Argentina, South America is the Perl users group that organizes meetings"
662,Groningen.pm,http://groningen.pm.org/,6.56499,53.21333,"Groningen, Netherlands, Europe","Perl Mongers Groningen, Netherlands, Europe is the Perl users group that organizes meetings"
663,Innsbruck.pm,http://innsbruck.pm.org/,11.35,47.27,"Innsbruck, Tirol, Austria, Europe","Perl Mongers Innsbruck, Tirol, Austria, Europe is the Perl users group that organizes meetings"
664,Santiago.pm,http://santiago.pm.org/,-70.75,-33.47,"Santiago, Santiago, Metropolitana, Chile, South America","Perl Mongers Santiago, Santiago, Metropolitana, Chile, South America is the Perl users group that organizes meetings"
666,Erlangen.pm,http://www.perlmongers.de/?ErlangenPM,11.00,49.36,"Erlangen, Germany, Europe","Perl Mongers Erlangen, Germany, Europe is the Perl users group that organizes meetings"
675,MiltonKeynes.pm,http://miltonkeynes.pm.org,-754,52029,"Milton Keynes, United Kingdom, Europe","Perl Mongers Milton Keynes, United Kingdom, Europe is the Perl users group that organizes meetings"
682,Darmstadt.pm,http://darmstadt.pm.org,8.650483455775188,49.86996423855037,"Darmstadt, Hessen, Germany, Europe","Perl Mongers Darmstadt, Hessen, Germany, Europe is the Perl users group that organizes meetings"
684,Ruhr.pm,http://ruhr.pm.org,7.013948,51.460074,"Essen, North Rhine-Westphalia, Germany, Europe","Perl Mongers Essen, North Rhine-Westphalia, Germany, Europe is the Perl users group that organizes meetings"
685,Poznan.pm,http://poznan.pm.org,16.966667,52.416667,"Poznan, Wielkopolska, Poland, Europe","Perl Mongers Poznan, Wielkopolska, Poland, Europe is the Perl users group that organizes meetings"
687,Kaiserslautern.pm,http://kaiserslautern.pm.org,7.75,49.45,"Kaiserslautern, Germany, Europe","Perl Mongers Kaiserslautern, Germany, Europe is the Perl users group that organizes meetings"
689,Coimbatore.pm,http://coimbatore.pm.org,77.00,11.00,"Coimbatore, Tamilnadu, India, Asia","Perl Mongers Coimbatore, Tamilnadu, India, Asia is the Perl users group that organizes meetings"
695,Sophia.pm,http://sophia.mongueurs.net,7.120857,43.58064,"Sophia-Antipolis, Antibes, France, Europe","Perl Mongers Sophia-Antipolis, Antibes, France, Europe is the Perl users group that organizes meetings"
700,Warszawa.pm,http://warszawa.pm.org,21.0,52.13,"Warszawa, Poland, Europe","Perl Mongers Warszawa, Poland, Europe is the Perl users group that organizes meetings"
701,Hannover.pm,http://hannover.pm.org,9.684716,52.461666,"Hannover, Lower Saxony, Germany, Europe","Perl Mongers Hannover, Lower Saxony, Germany, Europe is the Perl users group that organizes meetings"
702,Kiev.pm,http://kiev.pm.org,30.50,50.42,"Kiev, Kievskaya, Ukraine, Europe","Perl Mongers Kiev, Kievskaya, Ukraine, Europe is the Perl users group that organizes meetings"
703,Szczecin.pm,http://szczecin.pm.org,14.27,53.27,"Szczecin, Zachodniopomorskie, Poland, Europe","Perl Mongers Szczecin, Zachodniopomorskie, Poland, Europe is the Perl users group that organizes meetings"
704,Ithaca.pm,http://ithaca.pm.org,-76.47,42.48,"Ithaca, New York, northeast USA, United States of America, North America","Perl Mongers Ithaca, New York, northeast USA, United States of America, North America is the Perl users group that organizes meetings"
706,ThamesValley.pm,http://thamesvalley.pm.org,-0.9800,51.4500,"Reading, Berkshire (Surrey, Oxfordshire, Hampshire), Thames Valley, United Kingdom, Europe","Perl Mongers Reading, Berkshire (Surrey, Oxfordshire, Hampshire), Thames Valley, United Kingdom, Europe is the Perl users group that organizes meetings"
709,Tomar.pm,http://tomar.pm.org,-8.422393798828125,39.59828141820854,"Tomar, Ribatejo, Portugal, Europe","Perl Mongers Tomar, Ribatejo, Portugal, Europe is the Perl users group that organizes meetings"
710,Fukuoka.pm,http://fukuoka.pm.org,130.401639,33.590278,"Fukuoka, Japan, Asia","Perl Mongers Fukuoka, Japan, Asia is the Perl users group that organizes meetings"
711,Vladivostok.pm,http://vladivostok.pm.org,131.891867,43.118121,"Vladivostok, Primorsky Krai, Russia, Asia","Perl Mongers Vladivostok, Primorsky Krai, Russia, Asia is the Perl users group that organizes meetings"
713,RostovOnDon.pm,http://RostovOnDon.pm.org,39.43,47.14,"Rostov-on-Don, Russian Federation, Europe","Perl Mongers Rostov-on-Don, Russian Federation, Europe is the Perl users group that organizes meetings"
714,Minsk.pm,http://minsk.pm.org,27.56667,53.9,"Minsk, The Republic of Belarus, Europe","Perl Mongers Minsk, The Republic of Belarus, Europe is the Perl users group that organizes meetings"
717,Odessa.pm,http://odessa.pm.org,30.73333,46.46667,"Odessa, OD, Ukraine, Europe","Perl Mongers Odessa, OD, Ukraine, Europe is the Perl users group that organizes meetings"
718,Yokohama.pm,http://yokohama.pm.org,139.637797,35.443837,"Yokohama, Kanagawa, Japan, Asia","Perl Mongers Yokohama, Kanagawa, Japan, Asia is the Perl users group that organizes meetings"
720,Krasnodar.pm,http://krasnodar.pm.org,38.98,45.09,"Krasnodar, Krasnodar Krai, Russian Federation, Europe","Perl Mongers Krasnodar, Krasnodar Krai, Russian Federation, Europe is the Perl users group that organizes meetings"
721,Fredericton.pm,http://fredericton.pm.org,-66.646241,45.959363,"Fredericton, New Brunswick, Atlantic Canada, Canada, North America","Perl Mongers Fredericton, New Brunswick, Atlantic Canada, Canada, North America is the Perl users group that organizes meetings"
726,Tallinn.pm,http://tallinn.pm.org,24.75,59.433333,"Tallinn, Estonia, Europe","Perl Mongers Tallinn, Estonia, Europe is the Perl users group that organizes meetings"
728,Northwestengland.pm,http://northwestengland.pm.org,-2.8125,54.0400,"Lancaster/Preston, Lancaster-Fylde-Cheshire, North West England, United Kingdom, Europe","Perl Mongers Lancaster/Preston, Lancaster-Fylde-Cheshire, North West England, United Kingdom, Europe is the Perl users group that organizes meetings"
729,SanCristobal.pm,http://sancristobal.pm.org,-72.192667,7.808306,"San Cristóbal, Táchira, Occidental, Venezuela, South America","Perl Mongers San Cristóbal, Táchira, Occidental, Venezuela, South America is the Perl users group that organizes meetings"
730,Kostroma.pm,http://kostroma.pm.org,40.928471,57.768567,"Kostroma, Russian Federation, Europe","Perl Mongers Kostroma, Russian Federation, Europe is the Perl users group that organizes meetings"
731,Quito.pm,http://quito.pm.org,-78.78,-0.25,"Quito, Pichincha, Ecuador, South America","Perl Mongers Quito, Pichincha, Ecuador, South America is the Perl users group that organizes meetings"
732,Kushiro.pm,http://kushiro.pm.org,144.381292,42.984799,"Kushiro, Hokkaido, Japan, Asia","Perl Mongers Kushiro, Hokkaido, Japan, Asia is the Perl users group that organizes meetings"
733,Lima.pm,http://lima.pm.org,-76.9797876,-12.132417,"Lima, Santiago de Surco, Peru, South America","Perl Mongers Lima, Santiago de Surco, Peru, South America is the Perl users group that organizes meetings"
734,Advent.pm,http://advent.pm.org,,,"Non-geographical, Non-geographical","Perl Mongers Non-geographical, Non-geographical is the Perl users group that organizes meetings"
735,Adelaide.pm,http://adelaide.pm.org,138.599732,-34.92577,"Adelaide, South Australia, Australia, Oceania","Perl Mongers Adelaide, South Australia, Australia, Oceania is the Perl users group that organizes meetings"
736,Madurai.pm,http://madurai.pm.org,78.1167,9.9167,"Madurai, Tamil Nadu, India, Asia","Perl Mongers Madurai, Tamil Nadu, India, Asia is the Perl users group that organizes meetings"
738,Cali.pm,http://cali.pm.org,-76.52252197265625,3.42294984623391,"Cali, Valle del Cauca, Pacifico, Colombia, South America","Perl Mongers Cali, Valle del Cauca, Pacifico, Colombia, South America is the Perl users group that organizes meetings"
739,BragancaPaulista.pm,http://BragancaPaulista.pm.org,-46.3231,-22.5707,"Bragança Paulista, São Paulo, Southeast, Brazil, South America","Perl Mongers Bragança Paulista, São Paulo, Southeast, Brazil, South America is the Perl users group that organizes meetings"
741,Hokkaido.pm,http://hokkaido.pm.org,141.346815,43.065956,"Obihiro City, Hokkaido, Japan, Asia","Perl Mongers Obihiro City, Hokkaido, Japan, Asia is the Perl users group that organizes meetings"
742,Linz.pm,http://linz.pm.org,14.286293,48.306074,"Linz, Upper Austria, Austria, Europe","Perl Mongers Linz, Upper Austria, Austria, Europe is the Perl users group that organizes meetings"
744,Nagoya.pm,http://nagoya.pm.org,136.906398,35.1814464,"Nagoya, Aichi Prefacture, Japan, Asia","Perl Mongers Nagoya, Aichi Prefacture, Japan, Asia is the Perl users group that organizes meetings"
745,Kamakura.pm,http://kamakura.pm.org,139.547524,35.318242,"Kamakura, Kanagawa, Japan, Asia","Perl Mongers Kamakura, Kanagawa, Japan, Asia is the Perl users group that organizes meetings"
747,Kathmandu.pm,http://kathmandu.pm.org,85.33,27.75,"Kathmandu, Bagmati, Nepal, Asia","Perl Mongers Kathmandu, Bagmati, Nepal, Asia is the Perl users group that organizes meetings"
748,TelAviv.pm,http://telaviv.pm.org,34.802699,32.089494,"Tel Aviv, Israel, Asia","Perl Mongers Tel Aviv, Israel, Asia is the Perl users group that organizes meetings"
749,Makati.pm,http://makati.pm.org,121.019248,14.558513,"Makati, Metro Manila, National Capital Region, Philippines, Asia","Perl Mongers Makati, Metro Manila, National Capital Region, Philippines, Asia is the Perl users group that organizes meetings"
750,Bordeaux.pm,http://bordeaux.pm.org,-567,44833,"Bordeaux, France, Europe","Perl Mongers Bordeaux, France, Europe is the Perl users group that organizes meetings"
753,Petropolis.pm,http://petropolis.pm.org,-43.178889,-22505,"Petrópolis, Rio de Janeiro, Brazil, South America","Perl Mongers Petrópolis, Rio de Janeiro, Brazil, South America is the Perl users group that organizes meetings"
754,Brno.pm,http://brno.pm.org,16.607530117034912,49.20016789485192,"Brno, South Moravian Region (Jihomoravský kraj,       JM), Czech Republic, Europe","Perl Mongers Brno, South Moravian Region (Jihomoravský kraj,       JM), Czech Republic, Europe is the Perl users group that organizes meetings"
755,Logan.pm,http://logan.pm.org,-111.8336111,41.7355556,"Logan, Utah, United States of America, North America","Perl Mongers Logan, Utah, United States of America, North America is the Perl users group that organizes meetings"
758,SouthernOregon.pm,http://SouthernOregon.pm.org/,-122.875595,42.326515,"Medford, Oregon, Southern Oregon, United States of America, North America","Perl Mongers Medford, Oregon, Southern Oregon, United States of America, North America is the Perl users group that organizes meetings"
759,Plzen.pm,http://plzen.pm.org/,13.377397,49.747189,"Plzen, West Bohemia (Západočeský kraj), Czech Republic, Europe","Perl Mongers Plzen, West Bohemia (Západočeský kraj), Czech Republic, Europe is the Perl users group that organizes meetings"
760,Sendai.pm,http://sendai.pm.org/,140.869356,38.268215,"Sendai, Miyagi, Japan, Asia","Perl Mongers Sendai, Miyagi, Japan, Asia is the Perl users group that organizes meetings"
762,Kerman.pm,http://kerman.pm.org/,57.247079,30.047564,"Kerman, Kerman, Iran, Asia","Perl Mongers Kerman, Kerman, Iran, Asia is the Perl users group that organizes meetings"
764,Weston.pm,http://weston.pm.org/,-80.4,26.1,"Weston, Florida, United States of America, North America","Perl Mongers Weston, Florida, United States of America, North America is the Perl users group that organizes meetings"
765,Cluj.pm,http://cluj.pm.org/,23.6,46.7667,"Cluj Napoca, Cluj, Transylvania, Romania, Europe","Perl Mongers Cluj Napoca, Cluj, Transylvania, Romania, Europe is the Perl users group that organizes meetings"
766,Niigata.pm,http://niigata.pm.org/,139.036531,37.915967,"Niigata, Niigata, Japan, Asia","Perl Mongers Niigata, Niigata, Japan, Asia is the Perl users group that organizes meetings"
767,Hardware.pm,http://hardware.pm.org/,,,"Non-geographical, Non-geographical","Perl Mongers Non-geographical, Non-geographical is the Perl users group that organizes meetings"
771,Duesseldorf.pm,http://Duesseldorf.pm.org/,6.783333,51.233333,"Duesseldorf, Northrhine-Westphalia, Germany, Europe","Perl Mongers Duesseldorf, Northrhine-Westphalia, Germany, Europe is the Perl users group that organizes meetings"
773,Augsburg.pm,http://augsburg.pm.org/,10.9067,48.3621,"Augsburg, Bavaria, Germany, Europe","Perl Mongers Augsburg, Bavaria, Germany, Europe is the Perl users group that organizes meetings"
774,CorpusChristi.pm,http://CorpusChristi.pm.org/,-97.328793,27.714524,"Corpus Christi, Texas, United States of America, North America","Perl Mongers Corpus Christi, Texas, United States of America, North America is the Perl users group that organizes meetings"
775,Cochin.pm,http://cochin.pm.org/,76.3072804,10.0030157,"Cochin, Kerala / Ernakulam, India, Asia","Perl Mongers Cochin, Kerala / Ernakulam, India, Asia is the Perl users group that organizes meetings"
776,AmsterdamX.pm,http://AmsterdamX.pm.org/,4.91,52.35,"Amsterdam, Netherlands, Europe","Perl Mongers Amsterdam, Netherlands, Europe is the Perl users group that organizes meetings"
777,UKCoordinators.pm,http://UKCoordinators.pm.org/,-1.80098,52.38616,"United Kingdom, Europe","Perl Mongers United Kingdom, Europe is the Perl users group that organizes meetings"
778,Lukavac.pm,http://lukavac.pm.org/,18.5167,44.5500,"Lukavac, Bosnia, TK, Bosnia, Europe","Perl Mongers Lukavac, Bosnia, TK, Bosnia, Europe is the Perl users group that organizes meetings"
779,Swindon.pm,http://swindon.pm.org/,-1.7923051,51.5697317,"Swindon, Wiltshire, United Kingdom, Europe","Perl Mongers Swindon, Wiltshire, United Kingdom, Europe is the Perl users group that organizes meetings"
780,NewTaipeiCity.pm,http://NewTaipeiCity.pm.org/,121.517488,24.972149,"New Taipei City, Taiwan, Asia","Perl Mongers New Taipei City, Taiwan, Asia is the Perl users group that organizes meetings"
781,Gdansk.pm,https://sites.google.com/site/gdanskpm/,18.638306,54.372158,"Gdansk, Poland, Europe","Perl Mongers Gdansk, Poland, Europe is the Perl users group that organizes meetings"
782,Chico.pm,http://Chico.pm.org,-121.85,39.73,"Chico, California, United States of America, North America","Perl Mongers Chico, California, United States of America, North America is the Perl users group that organizes meetings"
785,Gotanda.pm,http://gotanda.pm.org,139.7237256,35.6260163,"Gotanda, Japan, Asia","Perl Mongers Gotanda, Japan, Asia is the Perl users group that organizes meetings"
786,Fleet.pm,http://fleet.pm.org,-0.8456,51.2834,"Fleet, England, United Kingdom, Europe","Perl Mongers Fleet, England, United Kingdom, Europe is the Perl users group that organizes meetings"
787,Niceville.pm,http://niceville.pm.org,-86.481011,30.519338,"Niceville, Florida, United States of America, North America","Perl Mongers Niceville, Florida, United States of America, North America is the Perl users group that organizes meetings"
788,Okinawa.pm,http://okinawa.pm.org,127.765251,26.248165,"Nishihara City, Okinawa, Japan, Asia","Perl Mongers Nishihara City, Okinawa, Japan, Asia is the Perl users group that organizes meetings"
